Category,Name,Japanese,Meaning,URL,URL 1,URL 2,Source File,Image,Image 1,Image 2
Attack Philosophy,Cho Soku,“Super Fast”,“Super Fast”,,,,Attack Philosophy 33eba015600d80bc8a11c76cf83603f5.csv,,,
Attack Philosophy,Speed To Set,ポジションに入る,Get into position,,,,Attack Philosophy 33eba015600d80bc8a11c76cf83603f5.csv,,,
Attack Philosophy,X,相手DF 1-4のニアサイド (1pass),Vacuum (1pass),X.mov,,,Attack Philosophy 33eba015600d80bc8a11c76cf83603f5.csv,,,
Attack Philosophy,Y,ミドルフィールド (2pass),Midfield (2pass),Y.mov,,,Attack Philosophy 33eba015600d80bc8a11c76cf83603f5.csv,,,
Attack Philosophy,Z,ワイド (3pass),Wide (3pass),Z.mov,,,Attack Philosophy 33eba015600d80bc8a11c76cf83603f5.csv,,,
Attack Philosophy,Short,ピッチの狭い方,Shortest part of the pitch,,,,Attack Philosophy 33eba015600d80bc8a11c76cf83603f5.csv,,,
Attack Philosophy,Edge,15ｍライン外側,Inside 15m channel,,,,Attack Philosophy 33eba015600d80bc8a11c76cf83603f5.csv,,,
Attack Philosophy,Long,ピッチの広い方,Longest part of the pitch,,,,Attack Philosophy 33eba015600d80bc8a11c76cf83603f5.csv,,,
Attack Philosophy,Jumme,順目へのアタック,Same way attack,,,,Attack Philosophy 33eba015600d80bc8a11c76cf83603f5.csv,,,
Attack Philosophy,Gyaku,反対サイドへのアタック,Change Direction,https://app.box.com/s/c6650jn4z51xyrnbijwrmbxde2k9o1nd,,,Attack Philosophy 33eba015600d80bc8a11c76cf83603f5.csv,,,
Attack Philosophy,11,1回キャリー→反対サイド,1 carry - change of direction,https://app.box.com/s/c6650jn4z51xyrnbijwrmbxde2k9o1nd,,,Attack Philosophy 33eba015600d80bc8a11c76cf83603f5.csv,,,
Attack Philosophy,21,2回キャリー→反対サイド,2 carries - change of direction,,,,Attack Philosophy 33eba015600d80bc8a11c76cf83603f5.csv,,,
Attack Philosophy,Tenkai,外にスペースがあるとき,Space on the edge - 1st back is tight,,,,Attack Philosophy 33eba015600d80bc8a11c76cf83603f5.csv,,,
Attack Philosophy,Man naka,グラウンド中のスペースをアタック,Attack through the middle,,,,Attack Philosophy 33eba015600d80bc8a11c76cf83603f5.csv,,,
Attack Philosophy,Spark,トランジション,Transition,,,,Attack Philosophy 33eba015600d80bc8a11c76cf83603f5.csv,,,
Breakdown,Tatakai,ファイトし続ける,Stay in Fight,https://app.box.com/s/jlvzk94q707sr4gm3a5yccg5zb97mol5,,,Breakdown 359ba015600d80dd8ac6fedae8559639_all.csv,,,
Breakdown,Feet,タックルに入られる時のキャリアーのフットワーク,Carrier footwork into the tackle,,,,Breakdown 359ba015600d80dd8ac6fedae8559639_all.csv,,,
Breakdown,Fight,レッグドライブ、上半身のファイト,Leg drive / upper body fight,https://app.box.com/s/tjws8i6e19domdtyzgtn63tor6fydgvm,,,Breakdown 359ba015600d80dd8ac6fedae8559639_all.csv,,,
Breakdown,Renda,凶暴なボールプレゼンテーション,Violent Ball present,https://app.box.com/s/xd7f66v2s3wbr6rpx2vvujws2xz58eeh,https://app.box.com/s/cqu3hhzcd61008r63hx7cwtsptcj2qdu,https://app.box.com/s/ds158iqfp99mjcjor0cum7rmcoekx9qu,Breakdown 359ba015600d80dd8ac6fedae8559639_all.csv,,,
Breakdown,Kame,カメラック,Turtle Ruck,,,,Breakdown 359ba015600d80dd8ac6fedae8559639_all.csv,,,
Breakdown,Bane,内側のサポート　ボールを越える,Inside support past the ball,https://app.box.com/s/r6yq3grjig3u65cawocwsot6nn4ysplx,,,Breakdown 359ba015600d80dd8ac6fedae8559639_all.csv,,,
Breakdown,Katana,外側のサポート　ディフェンスを倒す,Outside support clean the corner - defender off feet,https://app.box.com/s/9c8kb0hst4r19bsb42ra3ahkp1lcqe63,,,Breakdown 359ba015600d80dd8ac6fedae8559639_all.csv,,,
Breakdown,Momo,太ももターゲット,Target thighs,,,,Breakdown 359ba015600d80dd8ac6fedae8559639_all.csv,,,
Breakdown,Kamae,闘い　ファイティングポジション,Combat - Fighting position,,,,Breakdown 359ba015600d80dd8ac6fedae8559639_all.csv,,,
Breakdown,Nikai,キルしてダブルアクション　次のラックへ,Kill cleaner double action to 2nd ruck,https://app.box.com/s/6uiuvm8pz72jk1chr7tcy4bjartfnuot,,,Breakdown 359ba015600d80dd8ac6fedae8559639_all.csv,,,
Breakdown,Sabaki,ラックからの良いテンポでの捌き,Good tempo delivery from the ruck,,,,Breakdown 359ba015600d80dd8ac6fedae8559639_all.csv,,,
Breakdown,Geese,アンストラクチャーブレイクダウンサポート　背番号が見える位置から,Unstrucuture Breakdown Support -  a position where you can see the jersey number,https://app.box.com/s/cv7e1xh5q6fi1u474vxcce43g77kn7na,,,Breakdown 359ba015600d80dd8ac6fedae8559639_all.csv,,,
Breakdown,Himeno,ボールを置いて、立ち上がり、再度拾って全身,"Place the ball, stand up, and go forward again.",https://app.box.com/s/4m1j35a7z6olhtqhru4uda2z8frhwewb,,,Breakdown 359ba015600d80dd8ac6fedae8559639_all.csv,,,
Contest,Choke,チョークタックル,"Hold them up in the tackle, hips under",https://app.box.com/s/zdyk35uo2b3tvvjyt2emn3067vj0nh4u,,,Contest 358ba015600d8067a004f01bd34390d6_all.csv,,,
Contest,Rip,タックル時にボールを奪おうとする,Ball steal attempt in the tackle,,,,Contest 358ba015600d8067a004f01bd34390d6_all.csv,,,
Contest,Jackal,ジャッカル,Ball steal attempt,https://app.box.com/s/i2xazm52ukysliblv6p9op9167pwlu08,,,Contest 358ba015600d8067a004f01bd34390d6_all.csv,,,
Contest,Zero,ラックに入らない,Stay out the ruck,https://app.box.com/s/ikva1b8rkywy9hayp5w4er6rncxaskic,,,Contest 358ba015600d8067a004f01bd34390d6_all.csv,,,
Contest,Blast,カウンターラック,Counter ruck,https://app.box.com/s/ijuibv7mhvozdvq95wvq5ofjmpn01ul8,,,Contest 358ba015600d8067a004f01bd34390d6_all.csv,,,
Contest,Go byou (5 sec),相手のスピードを遅らせる,Slow down opposition speed,https://app.box.com/s/yqbkgztfm7h3gynfwavgeyd5wku6fcky,,,Contest 358ba015600d8067a004f01bd34390d6_all.csv,,,
Defence,5-2-2,最初の5歩、2人でタックル、2人フォールド,1st 5 steps hard / 2 in the tackle / 2 fold,https://app.box.com/s/13j5g4dx7mt2xhg51ok5alf9mn6chgqm,,,Defence 358ba015600d80f4bdd4f67b2619f4fe_all.csv,,,
Defence,1st 5 steps,激しい最初の5歩,Hard First 5 Steps,https://app.box.com/s/qq4gm0ilax6aqt4ojyhw3yns793wa7r9,,,Defence 358ba015600d80f4bdd4f67b2619f4fe_all.csv,,,
Defence,1 / - 1 (Ichi),ラックの隣の1人目のディフェンス,1st defender next to the ruck.,https://app.box.com/s/q4g8x3by1fse6twzum16k7xrikya01k0,,,Defence 358ba015600d80f4bdd4f67b2619f4fe_all.csv,,,
Defence,Mae mite,前を見て、相手のシェープを見る,"Eyes forward, whats their shape",https://app.box.com/s/4xnh5jwkefd7jjxuzdf7ffw536k6n8wj,,,Defence 358ba015600d80f4bdd4f67b2619f4fe_all.csv,,,
Defence,2 (Ni),2人目のディフェンス　Uchiへのティップ＋内側のプレッシャー,2nd defender - inside tip to A + inside pressure,https://app.box.com/s/q4g8x3by1fse6twzum16k7xrikya01k0,,,Defence 358ba015600d80f4bdd4f67b2619f4fe_all.csv,,,
Defence,4 (Yon),4人目のディフェンス　ティップのチェックとプッシュ,4th defender - marking the tip and push off,https://app.box.com/s/q4g8x3by1fse6twzum16k7xrikya01k0,,,Defence 358ba015600d80f4bdd4f67b2619f4fe_all.csv,,,
Defence,3 (San) / Set,3人目のディフェンス　最初のレシーバーの外肩,3rd defender on outside shoulder of their 1st receive.,https://app.box.com/s/q4g8x3by1fse6twzum16k7xrikya01k0,,,Defence 358ba015600d80f4bdd4f67b2619f4fe_all.csv,,,
Defence,5 (Go),5人目　ティップへのダブルヒットと後ろへのパス,5th defender - responsible for double hit on the tip or ball out the back,,,,Defence 358ba015600d80f4bdd4f67b2619f4fe_all.csv,,,
Defence,6 (Roku),6人目のディフェンス,6th defender,,,,Defence 358ba015600d80f4bdd4f67b2619f4fe_all.csv,,,
Defence,Agaru,ラインから上がる時のコール,Call off the line to go & get them.,https://app.box.com/s/ik2br8a9im0u76402ms990xhy3sq3fs3,,,Defence 358ba015600d80f4bdd4f67b2619f4fe_all.csv,,,
Defence,Ball,ボールディフェンダー,Ball defender,,,,Defence 358ba015600d80f4bdd4f67b2619f4fe_all.csv,,,
Defence,Hunt,内側からのプレッシャー,Inside pressure,https://app.box.com/s/txhmlz6qs4g1q8lon12foer61ab0y43t,,,Defence 358ba015600d80f4bdd4f67b2619f4fe_all.csv,,,
Defence,Adjust,ボールディフェンダーの外側,Defender outisde of “Ball Defender”,,,,Defence 358ba015600d80f4bdd4f67b2619f4fe_all.csv,,,
Defence,Fold,順目に回る,Defenders to keep folding Jumme,https://app.box.com/s/zcebfi687dy5l8ahtv6t1zlc10630cr5,,,Defence 358ba015600d80f4bdd4f67b2619f4fe_all.csv,,,
Defence,Stay,順目に回らず、Gyakuサイドに残る,No Folding - Stay on Gyaku side,https://app.box.com/s/uk8rorehsfzr510erzgve8o36wqjxzvx,,,Defence 358ba015600d80f4bdd4f67b2619f4fe_all.csv,,,
Defence,ICE,人数が少ないとき　サイドへ押し出す（外から2人目がコール）,Down on numbers - push to the side (Caller : 2nd last),https://app.box.com/s/j6wlouadsh9dqb3gohwi8pez6h91rg2i,,,Defence 358ba015600d80f4bdd4f67b2619f4fe_all.csv,,,
Defence,Hit,人数が合っている　前へ出る（外から2人目がコール）,Numbers are on go and get them (Caller : 2nd last),https://app.box.com/s/j6wlouadsh9dqb3gohwi8pez6h91rg2i,,,Defence 358ba015600d80f4bdd4f67b2619f4fe_all.csv,,,
Defence,Boot,プラグする前に9がラックの後ろに入る,9 behind the ruck before he plugs,https://app.box.com/s/6cmyv6iuici0gy1dr4tjylwivvf5tmva,,,Defence 358ba015600d80f4bdd4f67b2619f4fe_all.csv,,,
Defence,Plug,穴を埋めるために9がラインに入る,9 gets in the line to fill in (generally at 1 or -1),https://app.box.com/s/6cmyv6iuici0gy1dr4tjylwivvf5tmva,,,Defence 358ba015600d80f4bdd4f67b2619f4fe_all.csv,,,
Defence,Kabe,つながり続けるー壁ディフェンス(１４−１）,"Connect, Connect, Connect! - Wall Defence (14/1)",https://app.box.com/s/hza25g51bgzakla4hze8vwpj089rcphb,,,Defence 358ba015600d80f4bdd4f67b2619f4fe_all.csv,,,
Defence,Hotto,Sparkディフェンス時の素早いトランジションコール,tactical communication used to trigger an immediate and high-speed transition from attack to defense.,https://app.box.com/s/5an7t792ohl0eqxexshz3xc3hsqw1cl4,,,Defence 358ba015600d80f4bdd4f67b2619f4fe_all.csv,,,
Kick Sprint,Wreck,ラックに入り、相手のFwdを掴み続ける,The forward in front of the ruck engages and holds their players in.,https://app.box.com/s/fugug9kvmnhxn511rbxc0hba8lq18zr5,,,Kick Sprint 358ba015600d8005a8f2c16cc25afd05_all.csv,,,
Kick Sprint,"Left, Ball, Right",キックチェイス時のポジション,Pitch positions inside the kick sprint - ball being the carrier,,,,Kick Sprint 358ba015600d8005a8f2c16cc25afd05_all.csv,,,
Kick Sprint,Hot 3,キックレシーブ最初のラック　近い2人がロック,1st ruck - closest 2 players lock in over the ball.,,,,Kick Sprint 358ba015600d8005a8f2c16cc25afd05_all.csv,,,
Kick Sprint,Jama,空中で競って邪魔する,Players attacking their tap back,,,,Kick Sprint 358ba015600d8005a8f2c16cc25afd05_all.csv,,,
Kick Sprint,Land,キャッチャーの足が地面に着いた瞬間にタックル,Smash the catcher as he lands on the floor post catch,,,,Kick Sprint 358ba015600d8005a8f2c16cc25afd05_all.csv,,,
Kick Sprint,Crumbs,キックキャッチのこぼれ球を拾うプレーヤー,Players responsible for covering loose balls,,,,Kick Sprint 358ba015600d8005a8f2c16cc25afd05_all.csv,,,
Kick Sprint,Ghost,キックキャッチのこぼれ球を拾うプレーヤー（相手側）,Players responsible for covering loose balls in oppostion side,,,,Kick Sprint 358ba015600d8005a8f2c16cc25afd05_all.csv,,,
Kick Sprint,Fire,キックチェイスライン,Kick chase line,,,,Kick Sprint 358ba015600d8005a8f2c16cc25afd05_all.csv,,,
Kick Sprint,Dohan,キャッチャーを守るためにもどるプレーヤー,Chase back to protect catcher,,,,Kick Sprint 358ba015600d8005a8f2c16cc25afd05_all.csv,,,
Kicking,Sun,9からのハイボール,9 Box,https://app.box.com/s/flo3n3x0e8m3fc3edrvuow2fcqqqfqu6,,,Kicking 358ba015600d804c8668f97c5134d176_all.csv,,,
Kicking,Moon,9からのロングキック,9 Long,https://app.box.com/s/1zer73ou8wc41huu3cxlqllx7rxjzr1t,,,Kicking 358ba015600d804c8668f97c5134d176_all.csv,,,
Kicking,Star,ロングキック,Long,,,,Kicking 358ba015600d804c8668f97c5134d176_all.csv,,,
Kicking,Sky,ハイボール,Bomb,https://app.box.com/s/qs1fe8r2jo4lisonhjyy6l0tjdk2zpn1,,,Kicking 358ba015600d804c8668f97c5134d176_all.csv,,,
Kicking,Rainbow,キックパス,Cross Kick,,,,Kicking 358ba015600d804c8668f97c5134d176_all.csv,,,
Kicking,Stand,タッチキック,Touch Kick,https://app.box.com/s/0uqq3ys4ro2tyz8wxp5r45fjhkfa9v8b,,,Kicking 358ba015600d804c8668f97c5134d176_all.csv,,,
Kicking,Galaxy,外のバックスからのキック,Outside back kick,https://app.box.com/s/cwj11lr60d34zdao99ubti7xsitmfwi4,,,Kicking 358ba015600d804c8668f97c5134d176_all.csv,,,
Kicking,Mars,チップ,Chip,https://app.box.com/s/l4yu3gwgzfld98l6l2fi2mp15ljp32ac,,,Kicking 358ba015600d804c8668f97c5134d176_all.csv,,,
Kicking,Venus,グラバー,Grubber,https://app.box.com/s/4w31wj5eccefkg82b9f3o5ksvr054l49,,,Kicking 358ba015600d804c8668f97c5134d176_all.csv,,,
Kicking,Pluto,イエローゾーンでのクロスバーキック,Cross bar Kick (in Yellow),,,,Kicking 358ba015600d804c8668f97c5134d176_all.csv,,,
Kicking,Gumma,9からラックを越えるキック,Topple over off 9,https://app.box.com/s/eibo9lrlv15mbdnrs5zlqd31y8yzk2v1,,,Kicking 358ba015600d804c8668f97c5134d176_all.csv,,,
Kicking,Sapporo,9からコーナーめがけて蹴るキック,Kick to corner off 9,https://app.box.com/s/65ofim5nswqwodi266em8tib4viidqnf,,,Kicking 358ba015600d804c8668f97c5134d176_all.csv,,,
Kicking,Shiga,9から真ん中へのキック,Middle field kick off 9,,,,Kicking 358ba015600d804c8668f97c5134d176_all.csv,,,
Kicking,Post,10から真ん中へのキック,Middle field kick off 10,,,,Kicking 358ba015600d804c8668f97c5134d176_all.csv,,,
Kicking,Kado,コーナー,Corner,,,,Kicking 358ba015600d804c8668f97c5134d176_all.csv,,,
Kicking,Sumo,Sunのダミー　Fwdへパス,"Dummy Sun, play fwd through the ruck",https://app.box.com/s/3521bsuruzlnxwdbnx53ibfn41eagrle,,,Kicking 358ba015600d804c8668f97c5134d176_all.csv,,,
Kicking,Ninja,Sunのダミー　外へパス,Dummy Sun play to edge,,,,Kicking 358ba015600d804c8668f97c5134d176_all.csv,,,
Kicking,Sun Gold,8が先に後ろへ下がり、キャッチのサポート,8 drops back into the backfield to support catcher,https://app.box.com/s/c7iiwjei1vp34dp8u42iil3qtxfgprsp,,,Kicking 358ba015600d804c8668f97c5134d176_all.csv,,,
Lineout,I frame,リフターとジャンパーのフルエクステンション,Full extension of lifters & jumpers,https://app.box.com/s/6iqxkrf6bd0d55t1hr1ewff4j6oyvd30,,,Lineout 358ba015600d80e1a5eaccd66fe188c4_all.csv,,,
Lineout,Top,5m jump podのベイルアウト,Bail out to 5m jump pod,https://app.box.com/s/lknqhwj0hdey6f1c8pjq533xoaa62yfo,,,Lineout 358ba015600d80e1a5eaccd66fe188c4_all.csv,,,
Lineout,Gun,15m jump podのベイルアウト,Bail out to 15m jump pod,https://app.box.com/s/lvsmgyim78qrdx0aiuu4ogak6sih9z2p,,,Lineout 358ba015600d80e1a5eaccd66fe188c4_all.csv,,,
Lineout,Zero,ジャンプせず、前のプレーヤーへのベイルアウト,Bail out to player at the front (No jump),https://app.box.com/s/5o6cif3jpb1ea6u06yjqpg0ax0920ifn,,,Lineout 358ba015600d80e1a5eaccd66fe188c4_all.csv,,,
Lineout,Cannon,バックスへのロングスロー,Throw over 15m,https://app.box.com/s/j3wiizqfrz1ixs9ivutzyqsxbhce6axc,,,Lineout 358ba015600d80e1a5eaccd66fe188c4_all.csv,,,
Lineout,Car,上からのデリバリー,Off the top,https://app.box.com/s/rgbta13hs3n03wq6k66v3k6efm9c3jay,,,Lineout 358ba015600d80e1a5eaccd66fe188c4_all.csv,,,
Lineout,Grenade,フォワードへのロングスロー,Throw over 15m to FWDS from lineout,https://app.box.com/s/noi0ubpa06xhrwh4lvzm6a72t27l5a12,,,Lineout 358ba015600d80e1a5eaccd66fe188c4_all.csv,,,
Lineout,Bus,モール,Drive,https://app.box.com/s/04hx3vqr4cpx06vxf2x38h9xwyo3bv2m,,,Lineout 358ba015600d80e1a5eaccd66fe188c4_all.csv,,,
Lineout,Bike,下からのデリバリー,Down & give,https://app.box.com/s/eb5e2n3tj6kdkmzo7583henb1n90w8x1,,,Lineout 358ba015600d80e1a5eaccd66fe188c4_all.csv,,,
Lineout,Mate,ダミーモール,Statue drive,,,,Lineout 358ba015600d80e1a5eaccd66fe188c4_all.csv,,,
Lineout,Scooter,リップして外へ行く,Rip then go outside,https://app.box.com/s/c9pkwhodrn72a3commn2xoxn053flv5n,,,Lineout 358ba015600d80e1a5eaccd66fe188c4_all.csv,,,
Lineout,Jeep,フロントピール,Front peel,https://app.box.com/s/zya2yjwdm5c5js8st8eokd9bf55323gf,,,Lineout 358ba015600d80e1a5eaccd66fe188c4_all.csv,,,
Lineout,Hummer,バックピール,Back peel,https://app.box.com/s/vfmhq33vslv155wbltald2f666e74ejg,,,Lineout 358ba015600d80e1a5eaccd66fe188c4_all.csv,,,
Lineout,9 Tank,リッパーが振り返ってSHにパス,(Kyu Tank) Ripper turns and passes to SH,https://app.box.com/s/g9ep73789rxu0m2tkpo4otcm85zeinov,,,Lineout 358ba015600d80e1a5eaccd66fe188c4_all.csv,,,
Lineout,Tank,リッパーが振り返ってHOにパス,Ripper turns and passes to Hooker,https://app.box.com/s/lkyd8cuv6u32o4u7letbvvphnsk5bkr6,,,Lineout 358ba015600d80e1a5eaccd66fe188c4_all.csv,,,
Lineout,Tractor,ダミーモールの上から上空からのデリバリー,Off the top to FWDS over the dummy maul,https://app.box.com/s/1pyr27edyrmecky8bhuqsregy06qd28l,,,Lineout 358ba015600d80e1a5eaccd66fe188c4_all.csv,,,
Lineout,Crane,空中で違うポッドへのパス,Jump pod passes the ball to another pod in mid-air,https://app.box.com/s/hha72xnhu3uo9uabqwyfv7l45yhf1tqo,,,Lineout 358ba015600d80e1a5eaccd66fe188c4_all.csv,,,
Lineout,Sky tree,前のゾーンで跳ぶディフェンス,Air DF - Jump in the front zone,https://app.box.com/s/9burpm0lvaitvv3xnmbm0cw2rakhxg57,,,Lineout 358ba015600d80e1a5eaccd66fe188c4_all.csv,,,
Maul,Punch Shoulder,リフター、強く前進,"Lifters, push forward with Strength",https://app.box.com/s/yn1mbdn12w0rfwq3yywhruw59d2zppw4,,,Maul 358ba015600d80078554cb62cbd527ab_all.csv,,,
Maul,Punch Rip,2ｍのハードヒット,Hard hit from 2m,https://app.box.com/s/yn1mbdn12w0rfwq3yywhruw59d2zppw4,,,Maul 358ba015600d80078554cb62cbd527ab_all.csv,,,
Maul,Nail,リッパーの両サイド,either side of the Ripper,,,,Maul 358ba015600d80078554cb62cbd527ab_all.csv,,,
Maul,Plus,バックリフターの後ろで留まる,Stuck behind the back lifter,https://app.box.com/s/9ibjm3d3tjqo4g4n2yfux0dp3vgaeyr1,,,Maul 358ba015600d80078554cb62cbd527ab_all.csv,,,
Maul,Minus,フロントリフターの前で留まる,Stuck behind the front lifter,https://app.box.com/s/wizztusg0zsbrgzn7yhas7a9tj3yalc5,,,Maul 358ba015600d80078554cb62cbd527ab_all.csv,,,
Maul,Yakult,前で、ジャンプ無しでBus,Drive at front with no jump,https://app.box.com/s/kqqa2sym9x8fl57s4eblw3bn2mg6ey6w,,,Maul 358ba015600d80078554cb62cbd527ab_all.csv,,,
Maul,Drift,ずらしモール,Shift drive,https://app.box.com/s/tswojh7w02qihql4xgospjwp5o5w9n2g,,,Maul 358ba015600d80078554cb62cbd527ab_all.csv,,,
Maul,Hip Roll / Face Shift,ずらしモールのスキル,Shift drive skills,https://app.box.com/s/sqe1ztewjkem8i450x2kjvyc679nvb42,,,Maul 358ba015600d80078554cb62cbd527ab_all.csv,,,
Maul,Corner,タッチに向かってドライブ,Drive towards the touchline,https://app.box.com/s/hpz6vsm1uivbcmi5sksf647j0dwdjtq0,,,Maul 358ba015600d80078554cb62cbd527ab_all.csv,,,
Maul,Post,ゴールポストに向かってドライブ,Drive towards the goal posts,https://app.box.com/s/sqe1ztewjkem8i450x2kjvyc679nvb42,,,Maul 358ba015600d80078554cb62cbd527ab_all.csv,,,
Maul,Kakugo,10ｍ以内のDFシステム,Lineout DF system inside 10m,https://app.box.com/s/wor0peavrrx5aqk3i0yybhsxhfiqt1y3,,,Maul 358ba015600d80078554cb62cbd527ab_all.csv,,,
Maul,Spear,頭を内に、相手ジャンパーにヒット,Hit Opponent’s Lifter,https://app.box.com/s/wzypw1j7y5db8l6ec2a8xd66g9thhmq3,,,Maul 358ba015600d80078554cb62cbd527ab_all.csv,,,
Maul,Bull,頭を外に、相手のリフターにヒット,Hit the opponent's lifter (Head outside),https://app.box.com/s/wzypw1j7y5db8l6ec2a8xd66g9thhmq3,,,Maul 358ba015600d80078554cb62cbd527ab_all.csv,,,
Maul,Jaga,サック,Sack,https://app.box.com/s/w44b32vlwia49t0wuegh5rjsjhco6c66,,,Maul 358ba015600d80078554cb62cbd527ab_all.csv,,,
Passing,Gas,Live3の後ろへパス,Pass out the back of Live 3,https://app.box.com/s/6ectgjt7cvhjj8hqs06l4qz410ealz4a,,,Passing 358ba015600d805980efd64d194ce00a_all.csv,images/Gas.png,,
Passing,Lead,フロントドアオプション,Front door option in Phase Attack Hit the lead runner,https://app.box.com/s/7fyx95r39ivzs0u4q7pepenzcuunbz0l,,,Passing 358ba015600d805980efd64d194ce00a_all.csv,images/LeadUra.png,,
Passing,Ura,バックドアオプション,Back door option in Phase Attack,https://app.box.com/s/7fyx95r39ivzs0u4q7pepenzcuunbz0l,,,Passing 358ba015600d805980efd64d194ce00a_all.csv,images/LeadUra.png,,
Passing,Burn,Live3の後ろへ9から直接パス,Pass directly behind Live 3 to back,https://app.box.com/s/w8pjukibvblas4umusqf52x9xeqntcyu,,,Passing 358ba015600d805980efd64d194ce00a_all.csv,images/Burn.png,,
Passing,Smoke,飛ばしパス,Miss Pass,https://app.box.com/s/ipgg8zyagaygxv39fkgux75siolnpvm2,,,Passing 358ba015600d805980efd64d194ce00a_all.csv,images/Smoke.png,,
Passing,Turbo,9または10からのループプレー,Return Pass off 9 or 10,https://app.box.com/s/75b1tbv6j79yvnlgc8eluj1onc797arq,,,Passing 358ba015600d805980efd64d194ce00a_all.csv,images/Turbo.png,,
Passing,Charge,"飛ばしリードウラ,飛ばされた選手がループ",Return Pass one out,,,,Passing 358ba015600d805980efd64d194ce00a_all.csv,images/Charge.png,,
Passing,Boost,飛ばしてサークルプレー,Miss Pass to Gas,https://app.box.com/s/rvsw98zatsj47b6ztlizzfnwa9pp7uex,,,Passing 358ba015600d805980efd64d194ce00a_all.csv,images/Boost.png,,
Passing,Soto,ショルダーボール,Shoulder Ball,,,,Passing 358ba015600d805980efd64d194ce00a_all.csv,images/Soto.png,,
Passing,Uchi,内返し,Inside Ball,,,,Passing 358ba015600d805980efd64d194ce00a_all.csv,,,
Passing,Drop,クロス,Ball carrier cuts a runner underneath,https://app.box.com/s/7q72pj27nck7izyx8o22v6muyf2paszt,,,Passing 358ba015600d805980efd64d194ce00a_all.csv,images/Drop.png,,
Passing,Maru,サークルパス,Circle pass,https://app.box.com/s/yriiab4xcy9f2hrg4jetxkmcaqxh3xq5,,,Passing 358ba015600d805980efd64d194ce00a_all.csv,images/Maru.png,,
Passing,Bridge,エッジへの頭を越えるパス,Overhead miss pass to edge,,,,Passing 358ba015600d805980efd64d194ce00a_all.csv,images/Bridge.png,,
Passing,Kao,フェースボール,Face ball,,,,Passing 358ba015600d805980efd64d194ce00a_all.csv,images/Kao.png,,
Phase Attack,Red,9番からの3人のFwds,3 forwards  off 9,https://app.box.com/s/p1k264jd0zlfwioq0r3xqbo3yuhbmh37,,,Phase Attack 33eba015600d80d6b241c57ef497415a_all.csv,,,
Phase Attack,Pink,反対サイドのレッド,Gyaku 3 forwards,https://app.box.com/s/bqnn5co8p3bqqt3ve61erkkahns8c10i,,,Phase Attack 33eba015600d80d6b241c57ef497415a_all.csv,,,
Phase Attack,Arrow,10からの3人組,3 attackers off 10,https://app.box.com/s/gl6lvy3yl8owjqyzfbi9dwxlnm763vt2,,,Phase Attack 33eba015600d80d6b241c57ef497415a_all.csv,,,
Phase Attack,Blue,外でキャリーしてリロード、オープンサイドで9番からのプレー,"Edge carry, reloads & plays open side off 9",https://app.box.com/s/cg8xftbe6wk3jwq9hdfft2qt2acgbqfm,,,Phase Attack 33eba015600d80d6b241c57ef497415a_all.csv,,,
Phase Attack,Orange,10からの4人組でアタック　バックスが2人目に立つ,"4attackers off 10, back join as 2nd attacker",https://app.box.com/s/iuqpeh7qp23lp1o01nacxsymex3jenum,,,Phase Attack 33eba015600d80d6b241c57ef497415a_all.csv,,,
Phase Attack,Black,Redの外にFWが1人セット,Fwd player is added outside of Red as option,https://app.box.com/s/sjtuh4bt0grvb75jejurampqz6r65wjl,,,Phase Attack 33eba015600d80d6b241c57ef497415a_all.csv,,,
Phase Attack,Kiji,イエローゾーンのLive 3 / 9が真ん中または外の選手にパス,Live 3 in Yellow Zone / 9 Pass to Middle or Outside player,,,,Phase Attack 33eba015600d80d6b241c57ef497415a_all.csv,,,
Phase Attack,Enji,Red/Kijiの外にBkが1人セット,Backs player is added outside of Red  / Kiji as option,,,,Phase Attack 33eba015600d80d6b241c57ef497415a_all.csv,,,
Phase Attack,"Head,Uchi,Tip",Red / Arrowの中のポジション、Head最初にセット,Position in Red/Arrow - Head sets 1st,https://app.box.com/s/oci3l6s88dm0lkzpbnd9hnyfisnswnoy,https://app.box.com/s/fuc8pl1l0rtjn4uktpep6q2frfu9v7hf,,Phase Attack 33eba015600d80d6b241c57ef497415a_all.csv,,,
Phase Attack,Yumi,ライブ3の後ろ,Back behind Live 3,,,,Phase Attack 33eba015600d80d6b241c57ef497415a_all.csv,,,
Phase Attack,5Ji 7ji,Yumi : 5時の角度でセットし、7時の角度でGasをもらう,"Set on 5 o’clock, Receive Gas on 7 o’clock",,,,Phase Attack 33eba015600d80d6b241c57ef497415a_all.csv,,,
Phase Attack,Twist,方向を変えるプレー。バックス2人がGyakuへ,Change of direction play - 2 backs players run to snap side,https://app.box.com/s/kggaybf4f4thdkus0nzo7ixa2qx13b56,,,Phase Attack 33eba015600d80d6b241c57ef497415a_all.csv,,,
Phase Attack,Slice,Fadeラインの後ろのランニングライン,Running line behind Fade line,,,,Phase Attack 33eba015600d80d6b241c57ef497415a_all.csv,images/FadeSlice.png,,
Phase Attack,Fade,リードランナーが内側の肩からスタートして、外側の肩でボールを受ける,Lead runner starts inside shoulder receives outside shoulder,,,,Phase Attack 33eba015600d80d6b241c57ef497415a_all.csv,images/FadeSlice.png,,
Phase Attack,Jet,10が1人目にパス、2人目はリード、その後ろを通して1人目が10にループパス,"10 pass to Back 1, Back2 on Lead (Ura), Back 1 passes behind to 10 on Loop",https://app.box.com/s/qnj1lqw1y7jw016ea6qctws6hnmibsfh,,,Phase Attack 33eba015600d80d6b241c57ef497415a_all.csv,,,
Phase Attack,Bounce,ディフェンスの外の肩へアタック,Attacks outside shoulder defender to outside shoulder,,,,Phase Attack 33eba015600d80d6b241c57ef497415a_all.csv,images/Bounce.png,,
Phase Attack,Stack,Goldフェーズのシェープ - 縦に3人並ぶ,Shape in Gold phase - in a row of three,,,,Phase Attack 33eba015600d80d6b241c57ef497415a_all.csv,images/Stack.png,,
Phase Attack,Kage,10の内側のオプション,10 Uchi option,,,,Phase Attack 33eba015600d80d6b241c57ef497415a_all.csv,,,
Phase Attack,Uber,ショートサイドでのリードとウラ,Lead Ura shape on Short side,https://app.box.com/s/lwgeyn89qcsaqgub7vc8rh7htacabkt4,,,Phase Attack 33eba015600d80d6b241c57ef497415a_all.csv,images/Uber (Short side Attack).png,,
Phase Attack,Soto Lead,外側のリード,Outside Lead,,,,Phase Attack 33eba015600d80d6b241c57ef497415a_all.csv,,,
Phase Attack,Uchi Lead,内側のリード,Inside Lead,,,,Phase Attack 33eba015600d80d6b241c57ef497415a_all.csv,,,
Phase Attack,Aida,ディフェンダーの間にTipがセットする,Tip Set between the Defenders,,,,Phase Attack 33eba015600d80d6b241c57ef497415a_all.csv,,,
Phase Attack,Ichi Ichi (1-1),Uchiのセット、Headから一歩後ろ、1 armの距離,Uchi : 1step back and 1arm width from the Head,,,,Phase Attack 33eba015600d80d6b241c57ef497415a_all.csv,,,
Restart,A B C D E,フィールドのコール　左からABCDE,"Across the pitch - left to right. A left hand side, C Middle, E Right",,,,Restart 358ba015600d80a68579cd1d3d3af0da_all.csv,,,
Restart,1,ちょうど10ｍラインを越える場所へのキック（11−13メーター）,Lands just past the 10 meter line ( 11 - 13 meters),,,,Restart 358ba015600d80a68579cd1d3d3af0da_all.csv,,,
Restart,2,15ｍから20ｍの位置に落とすキック,Lands 15mts - 20 mts,,,,Restart 358ba015600d80a68579cd1d3d3af0da_all.csv,,,
Restart,3,相手の22内に落とすキック,Lands inside opposition 22,,,,Restart 358ba015600d80a68579cd1d3d3af0da_all.csv,,,
Scrum,Shiba,Japanの高さ,Japan Height,https://app.box.com/s/6xvmddzg9twq7k2pozyfwhcmf0yo9qg9,,,Scrum 358ba015600d80c18246d63c20318e0a_all.csv,,,
Scrum,Wedge,フロントローのアライメント,Front row alignment through opposition hooker,,,,Scrum 358ba015600d80c18246d63c20318e0a_all.csv,,,
Scrum,Constant Tension,体を固める。プレッシャーをかけて動かない,"Body tightness, not moving under pressure",,,,Scrum 358ba015600d80c18246d63c20318e0a_all.csv,,,
Scrum,Grips,HOがコールしてタイトさを高めるアクションをする,Hooker call to increase tightness,https://app.box.com/s/4s7al2x815bk1moma90qfkuvjz268vh4,,,Scrum 358ba015600d80c18246d63c20318e0a_all.csv,,,
Scrum,1inch Punch,近い距離からヒットして相手を突き抜ける,Hit through opposition off short gap,https://app.box.com/s/46n4xqzfw7z32eql7jh9cyit5q2jq9lu,,,Scrum 358ba015600d80c18246d63c20318e0a_all.csv,,,
Scrum,Ni,スクエアに組む,Square scrum,https://app.box.com/s/e66zvog3lgk9ock6fj4j83r413816yoi,,,Scrum 358ba015600d80c18246d63c20318e0a_all.csv,,,
Scrum,Itchi,1番を上げる,LH up,https://app.box.com/s/fq4v4x01o9viebqdu1rc36w0wm64mvk2,,,Scrum 358ba015600d80c18246d63c20318e0a_all.csv,,,
Scrum,San,3番を上げる,TH up,https://app.box.com/s/mfumtok35g4v23wov291fk3hzxzbcoe8,,,Scrum 358ba015600d80c18246d63c20318e0a_all.csv,,,
Scrum,Shiba Go,セカンドプッシュのタイミングを合わせるためにバックローがコールする,Co-ordinated second drive call comes from the loosies,https://app.box.com/s/6xvmddzg9twq7k2pozyfwhcmf0yo9qg9,,,Scrum 358ba015600d80c18246d63c20318e0a_all.csv,,,
Scrum,Kundesugu,1秒でボールアウトさせる（組んですぐボールを展開）,Ball at 8s feet 1 second to be used,https://app.box.com/s/qw9wd4pmar8cigpoj8qe62ejbckqtc1f,,,Scrum 358ba015600d80c18246d63c20318e0a_all.csv,,,
Scrum,Truck,8がボールをキープしセカンドプッシュする,Have dominance - 8 keeps the ball and we double drive,https://app.box.com/s/5ix3uk0wa1pmsh9jfp9m874ctvzzqu52,,,Scrum 358ba015600d80c18246d63c20318e0a_all.csv,,,
Scrum,Cancel,事前のコールをキャンセルして9がボールアウトする,9 over ride call and he takes the ball,,,,Scrum 358ba015600d80c18246d63c20318e0a_all.csv,,,
Scrum,Bolt,"相手のTHを1,2番でブロックする",Opposition TH block,https://app.box.com/s/0a3s86wizi3f63ewyewqdwuph4cl1t5f,,,Scrum 358ba015600d80c18246d63c20318e0a_all.csv,,,
Scrum,Yajirushi,相手HOをアタックする,Attack opposition hooker,https://app.box.com/s/fix0azv4e0igxjgc7so0e9w48uetbb76,,,Scrum 358ba015600d80c18246d63c20318e0a_all.csv,,,
Scrum,“Mine”,9番からのパス,9 pass from base,https://app.box.com/s/q1p23xjwfu1jwihuh0kt9v3uk4nbzgr7,,,Scrum 358ba015600d80c18246d63c20318e0a_all.csv,,,
Scrum,Hachi (8),8番キャリー,8 Carry,https://app.box.com/s/8gmd4g456h9nfbgw6hvr5d2j8v59ndck,,,Scrum 358ba015600d80c18246d63c20318e0a_all.csv,,,
Scrum,Ya-kyu (8-9),8-9　パス,8 -9 pass,https://app.box.com/s/mv5t98j18h7nr2j4rq1lku0g264w66yw,,,Scrum 358ba015600d80c18246d63c20318e0a_all.csv,,,
Tackle,Kamae,最初の5歩に入る、強いボディーポジション,Body position one toes ready to launch into first 5 steps,https://app.box.com/s/4s78sc8rfg1l6iqb79i8ntb7sevxkkmu,,,Tackle 358ba015600d80c58fb6c7bb23ef2a4e_all.csv,,,
Tackle,Bolt,スプリントスタートポジションー　高さは低く、ボールの下に,Sprint start position　Body height low (Under the ball),,,,Tackle 358ba015600d80c58fb6c7bb23ef2a4e_all.csv,,,
Tackle,Top,2人目の役割　ボールへヒット,Role of the 2nd man in the tackle- Target the ball,,,,Tackle 358ba015600d80c58fb6c7bb23ef2a4e_all.csv,,,
Tackle,Chop,最初のディフェンス　アグレッシブに脚へタックル,"1st man, aggressive leg tackle",https://app.box.com/s/d1o3p11mb23m1fb5yijfcqqcqk24tegx,,,Tackle 358ba015600d80c58fb6c7bb23ef2a4e_all.csv,,,
Tackle,Squeeze,タックル時の相手を掴む動作,Arm wrap & squeeze on the ball carrier,https://app.box.com/s/209mggpygrsiu5c8hw5rlh8apqunn09x,,,Tackle 358ba015600d80c58fb6c7bb23ef2a4e_all.csv,,,
Tackle,Doubles,ChopとTopタックル,Chop & Top,https://app.box.com/s/bj9g2sr9upgnt7n9de0cx833ln6qu5cj,,,Tackle 358ba015600d80c58fb6c7bb23ef2a4e_all.csv,,,
Tackle,2 in Fight,Doublesからブレイクダウンへプレッシャー,Doubles > Put pressure on Breakdown,https://app.box.com/s/0xohhs7vt4fjw5k9jixq518oo8y0z61s,,,Tackle 358ba015600d80c58fb6c7bb23ef2a4e_all.csv,,,
Tackle,Komata,タックル時に体重を後ろへかけず、身体の下で足を動かす,Steady feet into contact keeping them underneath you,https://app.box.com/s/un8tsnv3doj7gawci7lc0u6q4gs2dj25,,,Tackle 358ba015600d80c58fb6c7bb23ef2a4e_all.csv,,,
Tackle,Step in,タックルに入るときのフットワーク,Footwork into the tackle,https://app.box.com/s/rp73489qu5nx87iwveb0vdatkm46w5bx,,,Tackle 358ba015600d80c58fb6c7bb23ef2a4e_all.csv,,,
Tackle,Finish on Top,アタッカーの上に倒れる　脚を地面に噛ませる,Body on top of the attacker - studs in the ground.,,,,Tackle 358ba015600d80c58fb6c7bb23ef2a4e_all.csv,,,
Tackle,BIFF,身体と足を正面に入れる,"Stay in front, feet & body",https://app.box.com/s/209mggpygrsiu5c8hw5rlh8apqunn09x,,,Tackle 358ba015600d80c58fb6c7bb23ef2a4e_all.csv,,,
Tackle,Ikki,グラウンドからすぐに立ち上がる,Bounce up from the ground,https://app.box.com/s/ii06be87muj78jr02zj5r13bp9b5wbjz,,,Tackle 358ba015600d80c58fb6c7bb23ef2a4e_all.csv,,,
Transition Attack,Drag,キックリターン パスして、戻る,Kick Return > Pass and Return,,,,Transition Attack 358ba015600d807887d9e1981e860458_all.csv,,,
Transition Attack,Tower,20m ラック,20 metre Ruck,,,,Transition Attack 358ba015600d807887d9e1981e860458_all.csv,,,